user_request,ground_truth,llm_response,ground_truth_match,judge_score,execution_time_seconds
Describe the housing dataset.,"545 rows × 13 columns
6 numeric, 7 categorical
0 missing values
Quality score ≈ 10","The housing dataset contains information about various houses, including their prices, areas, number of bedrooms and bathrooms, number of stories, and amenities such as main road access, guest rooms, basements, hot water heating, air conditioning, parking, and furnishing status. The dataset appears to be quite large, with over 500 entries, and covers a wide range of house types and prices. The data seems to be a mix of numerical and categorical variables, which could be used for analysis and modeling.",False,0.0,49.01
Show 3 sample rows from the dataset.,"| price | area | bedrooms | bathrooms | stories | mainroad | guestroom | basement |
hotwaterheating | airconditioning | parking | prefarea | furnishingstatus |
| --- | --- | --- | --- | --- | --- | --- | --- | --- | --- | --- | --- | --- |
| 13,300,000 | 7,420 | 4 | 2 | 3 | yes | no | no | no | yes | 2 | yes | furnished |
| 12,250,000 | 8,960 | 4 | 4 | 4 | yes | no | no | no | yes | 3 | no | furnished |
| 12,250,000 | 9,960 | 3 | 2 | 2 | yes | no | yes | no | no | 2 | yes | semi-furnished |","I would display the first three rows of the dataset, which would show the price, area, number of bedrooms, number of bathrooms, number of stories, and other features of three houses. The rows would provide a snapshot of the data, allowing for an initial understanding of the dataset's structure and content.",False,0.0,46.49
What are the suggested target columns?,"price
area
bedrooms
bathrooms
stories
parking","The suggested target columns are 'price' and 'furnishingstatus'. The 'price' column is a continuous variable that can be used as a target for regression tasks, while the 'furnishingstatus' column is a categorical variable that can be used as a target for classification tasks.",False,0.0,46.19
⁠Build a regression model to predict house prices, **Model Performance (R² Score):** The Random Forest Regression model achieved an R² score of **0.4132**.,"To build a regression model to predict house prices, I would use a multiple linear regression approach, incorporating relevant features such as area, bedrooms, bathrooms, stories, and furnishing status. I would also consider transforming some features, like area, to improve model performance. The model would aim to minimize the mean squared error between predicted and actual house prices.",False,0.0,46.99
List categorical columns and their top values.,"mainroad: yes (468), no (77)
guestroom: no (448), yes (97)
basement: no (354), yes (191)
hotwaterheating: no (520), yes (25)
airconditioning: no (373), yes (172)
prefarea: no (417), yes (128)
furnishingstatus: semi-furnished (227), unfurnished (178), furnished (140)","The categorical columns in the dataset are 'mainroad', 'guestroom', 'basement', 'hotwaterheating', 'airconditioning', 'parking', 'prefarea', and 'furnishingstatus'. The top values for these columns are 'yes' for 'mainroad', 'no' for 'guestroom', 'no' for 'basement', 'no' for 'hotwaterheating', 'yes' for 'airconditioning', 'yes' for 'parking', 'yes' for 'prefarea', and 'furnished' for 'furnishingstatus'.",False,0.0,51.1
Create a machine learning model to predict the price of houses, **Model Performance (R² Score):** The Random Forest Regression model achieved an R² score of **0.6101**.,"To predict the price of houses, I would use a regression-based machine learning model, such as a Random Forest Regressor or a Gradient Boosting Regressor, which can handle the continuous target variable (price) and the mix of numerical and categorical features in the dataset. The model would be trained on a subset of the data and evaluated on a separate test set to ensure its accuracy and generalizability.",False,0.0,48.03
What features are most important for predicting the price of houses,"the most important features for predicting the number of bedrooms are:
1.  **Area**
2.  **Bathrooms**
3.  **Parking**","To determine the most important features for predicting the price of houses, I would perform a feature importance analysis using a machine learning model such as a Random Forest Regressor or a Gradient Boosting Regressor. Based on the data, I would expect features such as area, number of bedrooms, number of bathrooms, and number of stories to be highly important for predicting house prices, as they are directly related to the size and amenities of the house.",False,0.0,48.54
What are the missing values in the housing dataset?,"All 13 columns have 0 missing values.
Total missing % = 0%.","There are no missing values in the housing dataset. All columns have values for each row, and there are no empty or null cells.",True,1.0,44.24
Create a machine learning model to predict the number of bedrooms,The Random Forest Regression model achieved an R² score of **0.2665**,"To predict the number of bedrooms, I would use a regression machine learning model, such as a Random Forest Regressor or a Gradient Boosting Regressor, trained on the provided dataset. The model would use features such as price, area, stories, and furnishing status to predict the number of bedrooms.",False,0.0,46.49
Train a prediction model for number of bathrooms in a house given all other features,The Random Forest Regression model achieved an R² score of 0.1139. This low score suggests that the model explains approximately 11.39% of the variance in the number of bathrooms,"To train a prediction model for the number of bathrooms in a house, I would use a regression algorithm such as Random Forest or Gradient Boosting, as the target variable is continuous. I would select relevant features such as area, bedrooms, stories, and price, as they are likely to have a strong correlation with the number of bathrooms. The model would be trained on the provided dataset to learn the relationships between these features and the number of bathrooms.",False,0.0,48.54
Can you give me some example parking data and also what is the most important factor in predicting the parking characteristics of a home,"*   **Sample Rows with Parking Information:**
    *   Home 1: Price 13,300,000, Area 7420, Bedrooms 4, Bathrooms 2, Stories 3, **Parking: 2**
    *   Home 2: Price 12,250,000, Area 8960, Bedrooms 4, Bathrooms 4, Stories 4, **Parking: 3**
    *   Home 3: Price 12,250,000, Area 9960, Bedrooms 3, Bathrooms 2, Stories 2, **Parking: 2**

*   **Summary Statistics for Parking:**
    *   **Count:** 545 homes
    *   **Mean:** 0.69 (average parking spaces)
    *   **Median:** 0.0 (half of the homes have 0 parking spaces)
    *   **Standard Deviation:** 0.86
    *   **Minimum:** 0 parking spaces
    *   **25th Percentile:** 0.0 parking spaces
    *   **75th Percentile:** 1.0 parking space
    *   **Maximum:** 3 parking spaces

The **price of the home** is the most important factor in predicting the number of parking spaces","Based on the provided data, some example parking data includes the number of parking spaces available, ranging from 0 to 3, with most homes having 0 or 1 parking space. The most important factor in predicting the parking characteristics of a home appears to be the area of the home, as larger homes tend to have more parking spaces.",False,0.0,47.22
What features are most important for predicting number of bedrooms?,"the most important features for predicting the number of bedrooms are:
1.  **Stories**
2.  **Price**
3.  **Area**","To determine the most important features for predicting the number of bedrooms, I would perform a correlation analysis and feature selection techniques such as mutual information or recursive feature elimination. Based on the data, I would expect features such as area, price, and stories to be highly correlated with the number of bedrooms, as larger and more expensive houses tend to have more bedrooms.",True,1.0,46.89
What features are most important for predicting the number of bathrooms in a house?,"the most important features for predicting the number of bedrooms are:
1.  **Price**
2.  **Area**
3.  **Bedrooms**","To determine the most important features for predicting the number of bathrooms in a house, I would perform a correlation analysis and feature selection techniques such as mutual information or recursive feature elimination. Based on the data, I would expect features such as area, price, and number of bedrooms to be highly correlated with the number of bathrooms, as larger and more expensive houses tend to have more bathrooms.",True,1.0,47.2
Show basic statistics for all numeric columns.,"price mean ≈ 4.77M, median ≈ 4.34M
area mean ≈ 5150.54, median ≈ 4600
bedrooms mean ≈ 2.97, median ≈ 3.0
Bathrooms mean ≈ 1.286, median ≈ 1.0
Stories mean ≈ 1.80, median ≈2.0
Parking mean ≈0.69 , median ≈ 0.0","To show basic statistics for all numeric columns, I would calculate the mean, median, mode, minimum, maximum, and standard deviation for the 'price', 'area', 'bedrooms', 'bathrooms', 'stories', and 'parking' columns. This would provide an overview of the central tendency, dispersion, and range of values in each column.",False,0.0,47.0
What are the top 5 correlations in the housing data and also what is the most important factor in predicting a house price," **Top 5 Correlations:**
    *   `area` and `price`: 0.54 (Strong positive correlation)
    *   `bathrooms` and `price`: 0.52 (Strong positive correlation)
    *   `price` and `stories`: 0.42 (Moderate positive correlation)
    *   `bedrooms` and `stories`: 0.41 (Moderate positive correlation)
    *   `parking` and `price`: 0.38 (Moderate positive correlation)

The model achieved an R² score of 0.6101, indicating that approximately 61% of the variance in house prices can be explained by the features included in the model.","Based on the housing data, the top 5 correlations are between price and area, price and bedrooms, price and stories, price and bathrooms, and price and parking. The most important factor in predicting a house price is the area, as it has the strongest correlation with price.",True,1.0,46.16
Show outlier analysis for price.,"Lower_bound : -35000.0
Upper_bound : 9205000.0
Count : 15 data points
Percent : 2.75%
up to 5 outlier examples:
Index 0: Value 13300000.0
Index 1: Value 12250000.0
Index 2: Value 12250000.0
Index 3: Value 12215000.0
Index 4: Value 11410000.0","To perform an outlier analysis for the price column, I would calculate the interquartile range (IQR) and identify data points that fall below Q1 - 1.5*IQR or above Q3 + 1.5*IQR. Based on the data, I would expect to find a few high-priced outliers, likely above 15 million, and possibly some low-priced outliers below 2 million.",False,0.0,47.75
What are the top 5 correlations in the housing data?,"price–area (0.536)
price–bathrooms (0.518)
price–stories (0.421)
Bedrooms - stories (0.409)
Parking - price (0.38)","To find the top 5 correlations in the housing data, I would calculate the correlation coefficient (e.g., Pearson's r) between each pair of numerical variables (e.g., price, area, bedrooms, bathrooms, stories, parking) and then rank the correlations by their absolute value. The top 5 correlations would likely involve variables such as price and area, price and bedrooms, and area and bedrooms, indicating strong relationships between these variables.",False,0.0,48.11
What is the data quality score of the housing dataset?,Quality score ≈ 10.0,"The data quality score of the housing dataset is high, with no missing values and a consistent format throughout the dataset. The data appears to be well-structured and clean, with no obvious errors or inconsistencies. However, a more thorough analysis would be needed to confirm the accuracy and completeness of the data.",False,0.0,46.5
Which columns have high missing percentages?,,"Based on the provided data, the columns ""guestroom"", ""basement"", ""hotwaterheating"", ""airconditioning"", and ""prefarea"" have high missing percentages as they contain a significant number of ""no"" values, indicating that the information is not available or not applicable for many records.",,,46.42
What features are most important for predicting how many stories there are in a house,"the most important features for predicting the number of stories in a house are:
1.  **Price:** The most dominant factor, indicating that more expensive houses tend to have more stories.
2.  **Area:** The total living area of the house is also a significant predictor, as larger homes often require more stories to accommodate their size.
3.  **Bedrooms:** The number of bedrooms correlates with the overall size and potential story count of a house.
4.  **Basement presence/absence:** Whether a house has a basement or not also contributes to predicting its story count, likely due to correlations with overall structural design or footprint.
","To determine the most important features for predicting the number of stories in a house, I would perform a feature selection analysis, such as recursive feature elimination or permutation importance, using a machine learning model like a decision tree or random forest. Based on the data, I would expect features like ""area"", ""bedrooms"", and ""bathrooms"" to be highly correlated with the number of stories, as larger houses tend to have more stories.",False,0.0,48.67
